Timestamp,Luminosite (%),Distance (cm),Temperature,Humidite (%)
2024-04-08 14:11:24,99.0,0.0,23.6,10.0
2024-04-08 14:11:29,99.0,123.0,23.6,10.0
2024-04-08 14:11:35,99.0,123.0,23.6,10.0
2024-04-08 14:11:40,99.0,123.0,23.6,10.0
2024-04-08 14:11:46,99.0,123.0,23.7,10.0
2024-04-08 14:11:51,99.0,123.0,23.7,11.0
2024-04-08 14:11:57,99.0,123.0,23.9,11.0
2024-04-08 14:12:02,99.0,123.0,24.0,11.0
2024-04-08 14:12:07,99.0,6.0,24.2,11.0
2024-04-08 14:12:13,99.0,4.0,24.3,10.0
2024-04-08 14:12:18,99.0,46.0,24.3,10.0
2024-04-08 14:12:24,99.0,42.0,24.3,10.0
2024-04-08 14:12:29,99.0,36.0,24.3,10.0
2024-04-08 14:12:35,99.0,36.0,24.4,10.0
2024-04-08 14:12:40,99.0,36.0,24.5,10.0
2024-04-08 14:12:46,99.0,36.0,24.7,10.0
2024-04-08 14:12:51,99.0,36.0,24.9,10.0
2024-04-08 14:12:56,99.0,36.0,25.0,10.0
2024-04-08 14:13:02,99.0,133.0,25.1,10.0
2024-04-08 14:13:07,99.0,133.0,25.3,10.0
2024-04-08 14:13:13,99.0,109.0,25.4,9.0
2024-04-08 14:13:18,99.0,109.0,25.6,9.0
2024-04-08 14:13:23,99.0,109.0,25.7,9.0
2024-04-08 14:13:29,99.0,109.0,25.8,9.0
2024-04-08 14:13:34,99.0,109.0,25.7,9.0
2024-04-08 14:13:40,99.0,109.0,25.3,8.0
2024-04-08 14:13:45,99.0,109.0,25.0,8.0
2024-04-08 14:13:51,99.0,64.0,24.9,8.0
2024-04-08 14:13:56,99.0,5.0,24.9,9.0
2024-04-08 14:14:01,99.0,6.0,25.0,9.0
2024-04-08 14:14:06,99.0,8.0,25.2,9.0
2024-04-08 14:14:11,99.0,8.0,25.3,9.0
2024-04-08 14:14:17,99.0,52.0,25.4,9.0
2024-04-08 14:14:22,99.0,49.0,25.5,9.0
2024-04-08 14:14:28,99.0,49.0,25.5,9.0
2024-04-08 14:14:33,99.0,49.0,25.2,8.0
2024-04-08 14:14:39,99.0,49.0,25.0,8.0
2024-04-08 14:14:44,99.0,49.0,24.8,8.0
2024-04-08 14:14:49,99.0,49.0,24.7,8.0
2024-04-08 14:14:55,99.0,49.0,24.6,8.0
2024-04-08 14:15:00,99.0,49.0,24.6,8.0
2024-04-08 14:15:06,99.0,49.0,24.6,8.0
2024-04-08 14:15:11,99.0,49.0,24.7,8.0
2024-04-08 14:15:17,99.0,49.0,24.9,9.0
2024-04-08 14:15:22,99.0,49.0,25.1,8.0
2024-04-08 14:15:27,99.0,49.0,25.4,8.0
2024-04-08 14:15:33,99.0,49.0,25.6,8.0
2024-04-08 14:15:38,99.0,49.0,25.9,8.0
2024-04-08 14:15:44,99.0,49.0,26.1,8.0
2024-04-08 14:15:49,99.0,49.0,26.4,8.0
2024-04-08 14:15:55,99.0,49.0,26.7,8.0
2024-04-08 14:16:00,99.0,49.0,27.0,7.0
2024-04-08 14:16:06,99.0,49.0,27.1,7.0
2024-04-08 14:16:11,99.0,49.0,27.3,7.0
2024-04-08 14:16:16,99.0,49.0,27.3,7.0
2024-04-08 14:16:22,99.0,49.0,27.2,6.0
2024-04-08 14:16:27,99.0,49.0,27.1,6.0
2024-04-08 14:16:33,99.0,49.0,27.0,6.0
2024-04-08 14:16:38,99.0,49.0,26.9,6.0
2024-04-08 14:16:44,99.0,49.0,26.9,6.0
2024-04-08 14:16:49,99.0,49.0,26.8,6.0
2024-04-08 14:16:54,99.0,49.0,26.7,6.0
2024-04-08 14:17:00,99.0,49.0,26.6,6.0
2024-04-08 14:17:05,99.0,49.0,26.3,6.0
2024-04-08 14:17:11,99.0,49.0,25.9,6.0
2024-04-08 14:17:16,99.0,91.0,25.3,6.0
2024-04-08 14:17:22,99.0,91.0,25.1,7.0
2024-04-08 14:17:27,99.0,147.0,25.0,7.0
2024-04-08 14:17:32,99.0,174.0,24.8,7.0
2024-04-08 14:17:38,99.0,128.0,24.7,7.0
2024-04-08 14:17:43,99.0,68.0,24.8,7.0
2024-04-08 14:17:49,99.0,68.0,25.0,8.0
2024-04-08 14:17:54,99.0,105.0,25.2,8.0
2024-04-08 14:18:00,99.0,105.0,25.5,8.0
2024-04-08 14:18:05,99.0,63.0,25.7,7.0
2024-04-08 14:18:10,99.0,63.0,26.0,7.0
2024-04-08 14:18:16,99.0,108.0,26.2,7.0
2024-04-08 14:18:21,99.0,108.0,26.6,7.0
2024-04-08 14:18:27,99.0,108.0,26.9,7.0
2024-04-08 14:18:32,99.0,89.0,27.2,7.0
2024-04-08 14:18:37,99.0,89.0,27.4,7.0
2024-04-08 14:18:43,99.0,51.0,27.8,7.0
2024-04-08 14:18:48,99.0,120.0,28.0,6.0
2024-04-08 14:18:54,99.0,71.0,28.3,6.0
2024-04-08 14:18:59,99.0,71.0,28.4,6.0
2024-04-08 14:19:04,99.0,71.0,28.3,6.0
2024-04-08 14:19:10,99.0,71.0,28.1,5.0
2024-04-08 14:19:15,99.0,71.0,28.0,5.0
2024-04-08 14:19:21,99.0,71.0,27.9,5.0
2024-04-08 14:19:26,99.0,71.0,27.9,5.0
2024-04-08 14:19:32,99.0,71.0,27.8,5.0
2024-04-08 14:19:37,99.0,71.0,27.5,5.0
2024-04-08 14:19:42,99.0,71.0,27.4,5.0
2024-04-08 14:19:48,99.0,71.0,27.3,5.0
2024-04-08 14:19:53,99.0,71.0,27.2,5.0
2024-04-08 14:19:59,99.0,71.0,27.1,5.0
2024-04-08 14:20:04,99.0,39.0,26.9,4.0
2024-04-08 14:20:10,99.0,53.0,26.8,5.0
2024-04-08 14:20:15,99.0,53.0,26.8,5.0
2024-04-08 14:20:20,99.0,53.0,26.7,5.0
2024-04-08 14:20:26,99.0,53.0,26.6,5.0
2024-04-08 14:20:31,99.0,53.0,26.3,5.0
2024-04-08 14:20:37,99.0,53.0,26.1,5.0
2024-04-08 14:20:42,99.0,53.0,26.1,5.0
2024-04-08 14:20:48,99.0,146.0,26.1,6.0
2024-04-08 14:20:53,99.0,146.0,26.3,6.0
2024-04-08 14:20:58,99.0,134.0,26.3,6.0
2024-04-08 14:21:04,99.0,134.0,26.3,6.0
2024-04-08 14:21:09,99.0,134.0,26.2,6.0
2024-04-08 14:21:15,99.0,134.0,26.0,6.0
2024-04-08 14:21:20,99.0,56.0,25.7,6.0
2024-04-08 14:21:25,99.0,113.0,25.5,6.0
2024-04-08 14:21:31,99.0,113.0,25.4,6.0
2024-04-08 14:21:36,99.0,113.0,25.3,6.0
2024-04-08 14:21:42,99.0,113.0,25.3,6.0
2024-04-08 14:21:47,99.0,113.0,25.0,6.0
2024-04-08 14:21:53,99.0,113.0,25.0,7.0
2024-04-08 14:21:58,99.0,113.0,25.1,7.0
2024-04-08 14:22:03,99.0,11.0,25.2,7.0
2024-04-08 14:22:09,99.0,11.0,25.4,7.0
2024-04-08 14:22:14,99.0,35.0,25.5,7.0
2024-04-08 14:22:20,96.0,35.0,25.6,7.0
2024-04-08 14:22:25,99.0,82.0,25.7,7.0
2024-04-08 14:22:30,99.0,82.0,25.9,7.0
2024-04-08 14:22:36,99.0,82.0,26.0,7.0
2024-04-08 14:22:41,99.0,58.0,26.3,8.0
2024-04-08 14:22:47,96.0,58.0,26.4,8.0
2024-04-08 14:22:52,99.0,125.0,26.5,8.0
2024-04-08 14:22:57,99.0,165.0,26.5,7.0
2024-04-08 14:23:03,99.0,116.0,26.4,7.0
2024-04-08 14:23:08,99.0,116.0,26.4,7.0
2024-04-08 14:23:14,99.0,116.0,26.3,7.0
2024-04-08 14:23:19,99.0,116.0,26.3,7.0
2024-04-08 14:23:25,99.0,116.0,26.2,7.0
2024-04-08 14:23:30,99.0,116.0,26.1,6.0
2024-04-08 14:23:35,99.0,116.0,25.9,6.0
2024-04-08 14:23:41,99.0,116.0,25.8,6.0
2024-04-08 14:23:46,99.0,116.0,25.7,6.0
2024-04-08 14:23:52,99.0,116.0,25.6,6.0
2024-04-08 14:23:57,99.0,116.0,25.5,7.0
2024-04-08 14:24:03,99.0,116.0,25.4,7.0
2024-04-08 14:24:08,99.0,116.0,25.4,7.0
2024-04-08 14:24:13,99.0,116.0,25.2,7.0
2024-04-08 14:24:19,99.0,116.0,24.8,7.0
2024-04-08 14:24:24,99.0,116.0,24.7,7.0
2024-04-08 14:24:30,99.0,116.0,24.7,7.0
2024-04-08 14:24:35,99.0,116.0,24.7,7.0
2024-04-08 14:24:41,99.0,148.0,24.8,7.0
2024-04-08 14:24:46,99.0,69.0,24.8,7.0
2024-04-08 14:24:51,99.0,69.0,24.6,7.0
2024-04-08 14:24:57,99.0,69.0,24.4,8.0
2024-04-08 14:25:02,99.0,69.0,24.3,8.0
2024-04-08 14:25:08,99.0,69.0,24.1,8.0
2024-04-08 14:25:13,99.0,69.0,23.9,8.0
2024-04-08 14:25:19,99.0,69.0,23.6,8.0
2024-04-08 14:25:24,99.0,104.0,23.2,8.0
2024-04-08 14:25:29,99.0,104.0,22.9,8.0
2024-04-08 14:25:35,99.0,104.0,22.8,8.0
2024-04-08 14:25:40,99.0,104.0,22.8,8.0
2024-04-08 14:25:46,99.0,104.0,22.7,9.0
2024-04-08 14:25:51,99.0,104.0,22.6,9.0
2024-04-08 14:25:57,99.0,99.0,22.6,9.0
2024-04-08 14:26:02,99.0,99.0,22.7,9.0
2024-04-08 14:26:07,99.0,99.0,22.8,9.0
2024-04-08 14:26:13,99.0,218.0,22.9,9.0
2024-04-08 14:26:18,99.0,218.0,23.1,9.0
2024-04-08 14:26:24,99.0,218.0,23.3,9.0
2024-04-08 14:26:29,99.0,218.0,23.5,10.0
2024-04-08 14:26:35,99.0,218.0,23.6,9.0
2024-04-08 14:26:40,99.0,124.0,23.8,9.0
2024-04-08 14:26:45,99.0,36.0,24.0,9.0
2024-04-08 14:26:51,99.0,36.0,24.2,9.0
2024-04-08 14:26:56,99.0,118.0,24.4,9.0
2024-04-08 14:27:02,99.0,118.0,24.5,9.0
2024-04-08 14:27:07,99.0,118.0,24.5,9.0
2024-04-08 14:27:13,99.0,118.0,24.5,9.0
2024-04-08 14:27:18,99.0,195.0,24.5,8.0
2024-04-08 14:27:23,99.0,63.0,24.5,8.0
2024-04-08 14:27:29,99.0,101.0,24.5,8.0
2024-04-08 14:27:34,99.0,78.0,24.5,8.0
2024-04-08 14:27:40,99.0,72.0,24.6,8.0
2024-04-08 14:27:45,99.0,72.0,24.7,8.0
2024-04-08 14:27:50,99.0,72.0,24.8,8.0
2024-04-08 14:27:56,99.0,72.0,25.0,8.0
2024-04-08 14:28:01,99.0,72.0,25.2,8.0
2024-04-08 14:28:07,99.0,72.0,25.4,8.0
2024-04-08 14:28:12,99.0,72.0,25.5,8.0
2024-04-08 14:28:18,99.0,72.0,25.6,8.0
2024-04-08 14:28:23,99.0,72.0,25.6,7.0
2024-04-08 14:28:28,99.0,72.0,25.6,7.0
2024-04-08 14:28:34,99.0,72.0,25.6,7.0
2024-04-08 14:28:39,99.0,128.0,25.5,7.0
2024-04-08 14:28:45,99.0,70.0,25.4,7.0
2024-04-08 14:28:50,99.0,84.0,25.4,8.0
2024-04-08 14:28:56,99.0,84.0,25.4,8.0
2024-04-08 14:29:01,99.0,84.0,25.5,8.0
2024-04-08 14:29:06,99.0,84.0,25.6,8.0
2024-04-08 14:29:12,99.0,84.0,25.7,8.0
2024-04-08 14:29:17,99.0,84.0,25.8,7.0
2024-04-08 14:29:23,99.0,84.0,25.9,7.0
2024-04-08 14:29:28,99.0,84.0,25.9,7.0
2024-04-08 14:29:34,99.0,84.0,25.6,7.0
2024-04-08 14:29:39,99.0,84.0,25.3,7.0
2024-04-08 14:29:45,99.0,84.0,24.6,7.0
2024-04-08 14:29:50,99.0,84.0,24.2,7.0
2024-04-08 14:29:55,99.0,84.0,23.9,7.0
2024-04-08 14:30:01,99.0,84.0,23.7,7.0
2024-04-08 14:30:06,99.0,84.0,23.4,7.0
2024-04-08 14:30:12,99.0,77.0,23.3,8.0
2024-04-08 14:30:17,99.0,77.0,23.1,8.0
2024-04-08 14:30:23,99.0,77.0,23.1,8.0
2024-04-08 14:30:28,99.0,77.0,23.2,8.0
2024-04-08 14:30:33,99.0,166.0,23.1,8.0
2024-04-08 14:30:39,99.0,166.0,22.9,8.0
2024-04-08 14:30:44,99.0,166.0,22.7,8.0
2024-04-08 14:30:50,99.0,166.0,22.5,8.0
2024-04-08 14:30:55,99.0,166.0,22.5,9.0
2024-04-08 14:31:01,99.0,166.0,22.6,9.0
2024-04-08 14:31:06,99.0,166.0,22.6,9.0
2024-04-08 14:31:11,99.0,166.0,22.8,9.0
2024-04-08 14:31:17,99.0,166.0,22.9,9.0
2024-04-08 14:31:22,99.0,166.0,23.0,9.0
2024-04-08 14:31:28,99.0,166.0,23.0,9.0
2024-04-08 14:31:33,99.0,166.0,23.2,9.0
2024-04-08 14:31:39,99.0,166.0,23.2,9.0
2024-04-08 14:31:44,99.0,166.0,23.3,9.0
2024-04-08 14:31:50,99.0,166.0,23.3,9.0
2024-04-08 14:31:55,99.0,166.0,23.6,9.0
2024-04-08 14:32:00,99.0,166.0,23.8,9.0
2024-04-08 14:32:06,99.0,166.0,24.0,9.0
2024-04-08 14:32:11,99.0,166.0,24.1,9.0
2024-04-08 14:32:17,99.0,166.0,24.2,8.0
2024-04-08 14:32:22,99.0,166.0,24.3,8.0
2024-04-08 14:32:28,99.0,166.0,24.4,8.0
2024-04-08 14:32:33,99.0,166.0,24.4,8.0
2024-04-08 14:32:38,99.0,166.0,24.4,8.0
2024-04-08 14:32:44,99.0,53.0,24.5,8.0
2024-04-08 14:32:49,99.0,70.0,24.6,8.0
2024-04-08 14:32:55,99.0,70.0,24.8,8.0
2024-04-08 14:33:00,99.0,70.0,25.0,8.0
2024-04-08 14:33:06,99.0,70.0,25.1,8.0
2024-04-08 14:33:11,99.0,70.0,25.3,8.0
2024-04-08 14:33:16,99.0,70.0,25.5,8.0
2024-04-08 14:33:22,99.0,70.0,25.6,7.0
2024-04-08 14:33:27,99.0,70.0,25.5,6.0
2024-04-08 14:33:33,99.0,70.0,25.4,7.0
2024-04-08 14:33:38,99.0,70.0,25.4,7.0
2024-04-08 14:33:44,99.0,70.0,25.5,7.0
2024-04-08 14:33:49,99.0,70.0,25.6,7.0
2024-04-08 14:33:55,99.0,70.0,25.8,6.0
2024-04-08 14:34:00,99.0,70.0,25.9,6.0
2024-04-08 14:34:05,99.0,74.0,26.0,6.0
2024-04-08 14:34:11,99.0,61.0,26.1,7.0
2024-04-08 14:34:16,99.0,86.0,26.0,6.0
2024-04-08 14:34:22,99.0,94.0,25.8,6.0
2024-04-08 14:34:27,99.0,128.0,25.7,6.0
2024-04-08 14:34:32,99.0,128.0,25.7,6.0
2024-04-08 14:34:38,99.0,128.0,25.8,6.0
2024-04-08 14:34:43,99.0,128.0,25.8,6.0
2024-04-08 14:34:49,99.0,128.0,25.8,6.0
2024-04-08 14:34:54,99.0,128.0,25.9,6.0
2024-04-08 14:35:00,99.0,128.0,26.0,6.0
2024-04-08 14:35:05,99.0,128.0,26.1,6.0
2024-04-08 14:35:10,99.0,128.0,26.1,6.0
2024-04-08 14:35:16,99.0,128.0,26.1,6.0
2024-04-08 14:35:21,99.0,128.0,25.9,6.0
2024-04-08 14:35:27,99.0,128.0,25.8,6.0
2024-04-08 14:35:32,99.0,128.0,25.8,6.0
2024-04-08 14:35:38,99.0,128.0,25.8,6.0
2024-04-08 14:35:43,99.0,128.0,25.8,6.0
2024-04-08 14:35:48,99.0,170.0,25.9,6.0
2024-04-08 14:35:54,99.0,170.0,26.0,6.0
2024-04-08 14:35:59,99.0,170.0,26.1,6.0
2024-04-08 14:36:05,99.0,170.0,26.3,7.0
2024-04-08 14:36:10,99.0,68.0,26.4,7.0
2024-04-08 14:36:16,99.0,92.0,26.6,7.0
2024-04-08 14:36:21,97.0,161.0,26.8,6.0
2024-04-08 14:36:26,99.0,161.0,27.0,6.0
2024-04-08 14:36:32,99.0,161.0,27.2,6.0
2024-04-08 14:36:37,98.0,161.0,27.4,6.0
2024-04-08 14:36:43,99.0,161.0,27.5,6.0
2024-04-08 14:36:48,99.0,161.0,27.6,6.0
2024-04-08 14:36:54,99.0,161.0,27.7,5.0
2024-04-08 14:36:59,99.0,161.0,27.8,5.0
2024-04-08 14:37:05,98.0,161.0,27.8,5.0
2024-04-08 14:37:10,98.0,161.0,27.8,5.0
2024-04-08 14:37:15,98.0,161.0,27.8,5.0
2024-04-08 14:37:21,98.0,53.0,27.7,4.0
2024-04-08 14:37:26,98.0,65.0,27.5,4.0
2024-04-08 14:37:31,98.0,59.0,27.1,4.0
2024-04-08 14:37:36,98.0,56.0,26.8,4.0
2024-04-08 14:37:42,98.0,56.0,26.4,4.0
2024-04-08 14:37:47,96.0,183.0,26.2,5.0
2024-04-08 14:37:52,98.0,29.0,25.8,5.0
2024-04-08 14:37:58,98.0,49.0,25.6,5.0
2024-04-08 14:38:03,98.0,45.0,25.5,5.0
2024-04-08 14:38:08,98.0,59.0,25.4,5.0
2024-04-08 14:38:13,98.0,98.0,25.3,6.0
2024-04-08 14:38:18,98.0,205.0,25.4,6.0
2024-04-08 14:38:24,98.0,97.0,25.4,6.0
2024-04-08 14:38:29,98.0,97.0,25.4,6.0
2024-04-08 14:38:35,98.0,97.0,25.4,6.0
2024-04-08 14:38:40,98.0,93.0,25.5,6.0
2024-04-08 14:38:45,98.0,90.0,25.7,6.0
2024-04-08 14:38:50,98.0,88.0,25.8,6.0
2024-04-08 14:38:56,98.0,115.0,26.0,6.0
2024-04-08 14:39:01,98.0,72.0,26.2,6.0
2024-04-08 14:39:06,98.0,105.0,26.4,6.0
2024-04-08 14:39:12,98.0,105.0,26.6,6.0
2024-04-08 14:39:17,98.0,105.0,26.8,5.0
2024-04-08 14:39:22,98.0,48.0,26.9,5.0
2024-04-08 14:39:28,98.0,58.0,27.1,5.0
2024-04-08 14:39:33,98.0,58.0,27.2,5.0
2024-04-08 14:39:38,98.0,58.0,27.4,5.0
2024-04-08 14:39:44,98.0,72.0,27.5,5.0
2024-04-08 14:39:49,98.0,72.0,27.5,5.0
2024-04-08 14:39:55,98.0,72.0,27.4,5.0
2024-04-08 14:40:00,98.0,92.0,27.3,5.0
2024-04-08 14:40:05,97.0,124.0,27.3,5.0
2024-04-08 14:40:11,97.0,124.0,27.2,5.0
2024-04-08 14:40:16,97.0,124.0,27.1,5.0
2024-04-08 14:40:22,97.0,124.0,27.0,5.0
2024-04-08 14:40:27,97.0,170.0,27.0,5.0
2024-04-08 14:40:33,96.0,199.0,26.7,4.0
2024-04-08 14:40:38,96.0,198.0,26.5,5.0
2024-04-08 14:40:43,96.0,196.0,26.1,5.0
2024-04-08 14:40:49,96.0,197.0,25.8,5.0
2024-04-08 14:40:54,96.0,198.0,25.3,5.0
2024-04-08 14:41:00,96.0,203.0,25.1,5.0
2024-04-08 14:41:05,96.0,199.0,24.8,6.0
2024-04-08 14:41:10,96.0,198.0,24.6,6.0
2024-04-08 14:41:16,96.0,66.0,24.1,6.0
2024-04-08 14:41:21,96.0,124.0,23.8,6.0
2024-04-08 14:41:26,96.0,104.0,23.3,6.0
2024-04-08 14:41:32,96.0,115.0,23.1,7.0
2024-04-08 14:41:37,96.0,114.0,22.8,7.0
2024-04-08 14:41:42,96.0,180.0,22.4,7.0
2024-04-08 14:41:48,96.0,172.0,21.9,7.0
2024-04-08 14:41:53,96.0,171.0,21.7,8.0
2024-04-08 14:41:58,96.0,174.0,21.4,8.0
2024-04-08 14:42:04,96.0,169.0,21.2,8.0
2024-04-08 14:42:09,96.0,164.0,21.0,9.0
2024-04-08 14:42:15,95.0,164.0,20.9,9.0
2024-04-08 14:42:20,95.0,164.0,20.8,9.0
2024-04-08 14:42:25,95.0,164.0,20.7,9.0
2024-04-08 14:42:31,96.0,68.0,20.7,10.0
2024-04-08 14:42:36,96.0,56.0,20.6,10.0
2024-04-08 14:42:41,96.0,69.0,20.6,10.0
2024-04-08 14:42:46,96.0,99.0,20.6,10.0
2024-04-08 14:42:51,96.0,109.0,20.5,10.0
2024-04-08 14:42:57,96.0,109.0,20.5,11.0
2024-04-08 14:43:02,96.0,109.0,20.4,11.0
2024-04-08 14:43:08,95.0,40.0,20.3,11.0
2024-04-08 14:43:13,96.0,36.0,20.3,11.0
2024-04-08 14:43:18,96.0,61.0,20.2,11.0
2024-04-08 14:43:24,96.0,61.0,20.1,11.0
2024-04-08 14:43:29,96.0,49.0,20.0,11.0
2024-04-08 14:43:34,95.0,35.0,19.9,11.0
2024-04-08 14:43:39,96.0,54.0,19.8,11.0
2024-04-08 14:43:44,96.0,56.0,19.8,11.0
2024-04-08 14:43:49,96.0,55.0,19.7,11.0
2024-04-08 14:43:55,96.0,84.0,19.7,11.0
2024-04-08 14:44:00,95.0,84.0,19.7,11.0
2024-04-08 14:44:05,95.0,84.0,19.6,12.0
2024-04-08 14:44:11,95.0,84.0,19.6,12.0
2024-04-08 14:44:16,96.0,125.0,19.6,12.0
2024-04-08 14:44:22,96.0,125.0,19.5,12.0
2024-04-08 14:44:27,96.0,125.0,19.5,12.0
2024-04-08 14:44:33,96.0,125.0,19.5,12.0
2024-04-08 14:44:38,96.0,125.0,19.4,13.0
2024-04-08 14:44:43,96.0,125.0,19.4,13.0
2024-04-08 14:44:49,96.0,49.0,19.4,12.0
2024-04-08 14:44:54,95.0,75.0,19.4,13.0
2024-04-08 14:44:59,95.0,75.0,19.4,13.0
2024-04-08 14:45:05,95.0,75.0,19.4,13.0
2024-04-08 14:45:10,95.0,130.0,19.4,13.0
2024-04-08 14:45:16,95.0,126.0,19.4,13.0
2024-04-08 14:45:21,95.0,123.0,19.5,13.0
2024-04-08 14:45:26,95.0,124.0,19.5,13.0
2024-04-08 14:45:32,96.0,124.0,19.5,13.0
2024-04-08 14:45:37,95.0,120.0,19.6,13.0
2024-04-08 14:45:43,95.0,122.0,19.6,13.0
2024-04-08 14:45:48,95.0,127.0,19.6,13.0
2024-04-08 14:45:53,95.0,128.0,19.7,13.0
2024-04-08 14:45:59,95.0,126.0,19.7,13.0
2024-04-08 14:46:04,95.0,115.0,19.7,13.0
2024-04-08 14:46:09,95.0,122.0,19.7,13.0
2024-04-08 14:46:15,95.0,122.0,19.8,13.0
2024-04-08 14:46:20,95.0,125.0,19.8,13.0
2024-04-08 14:46:26,95.0,125.0,19.8,13.0
2024-04-08 14:46:31,95.0,125.0,19.9,13.0
2024-04-08 14:46:36,95.0,175.0,19.9,13.0
2024-04-08 14:46:42,95.0,35.0,19.9,14.0
2024-04-08 14:46:47,95.0,223.0,20.0,14.0
2024-04-08 14:46:52,95.0,223.0,20.0,13.0
2024-04-08 14:46:58,95.0,223.0,19.9,13.0
2024-04-08 14:47:03,95.0,223.0,19.9,13.0
2024-04-08 14:47:09,95.0,223.0,19.8,13.0
2024-04-08 14:47:14,95.0,223.0,19.7,13.0
2024-04-08 14:47:20,95.0,223.0,19.7,13.0
2024-04-08 14:47:25,95.0,223.0,19.6,13.0
2024-04-08 14:47:30,95.0,223.0,19.5,13.0
2024-04-08 14:47:36,95.0,223.0,19.5,13.0
2024-04-08 14:47:41,95.0,223.0,19.5,13.0
2024-04-08 14:47:47,95.0,223.0,19.5,13.0
2024-04-08 14:47:52,95.0,223.0,19.5,13.0
2024-04-08 14:47:58,95.0,223.0,19.5,13.0
2024-04-08 14:48:03,95.0,223.0,19.5,13.0
2024-04-08 14:48:08,95.0,223.0,19.4,14.0
2024-04-08 14:48:14,95.0,223.0,19.3,14.0
2024-04-08 14:48:19,95.0,223.0,19.2,13.0
2024-04-08 14:48:25,95.0,223.0,19.2,14.0
2024-04-08 14:48:30,95.0,223.0,19.1,14.0
2024-04-08 14:48:36,95.0,223.0,19.1,13.0
2024-04-08 14:48:41,95.0,223.0,19.1,13.0
2024-04-08 14:48:47,95.0,223.0,19.1,13.0
2024-04-08 14:48:52,95.0,223.0,19.1,14.0
2024-04-08 14:48:57,95.0,223.0,19.1,14.0
2024-04-08 14:49:03,95.0,223.0,19.1,14.0
2024-04-08 14:49:08,95.0,223.0,19.1,14.0
2024-04-08 14:49:14,95.0,223.0,19.1,14.0
2024-04-08 14:49:19,95.0,223.0,19.1,14.0
2024-04-08 14:49:25,95.0,223.0,19.0,14.0
2024-04-08 14:49:30,95.0,223.0,19.0,14.0
2024-04-08 14:49:35,95.0,223.0,18.9,13.0
2024-04-08 14:49:41,95.0,223.0,18.8,13.0
2024-04-08 14:49:46,95.0,223.0,18.7,14.0
2024-04-08 14:49:52,95.0,223.0,18.6,13.0
2024-04-08 14:49:57,95.0,223.0,18.6,13.0
2024-04-08 14:50:03,95.0,223.0,18.6,13.0
2024-04-08 14:50:08,95.0,223.0,18.5,14.0
2024-04-08 14:50:14,95.0,223.0,18.5,14.0
2024-04-08 14:50:19,95.0,223.0,18.5,14.0
2024-04-08 14:50:24,95.0,223.0,18.5,14.0
2024-04-08 14:50:30,95.0,223.0,18.5,14.0
2024-04-08 14:50:35,95.0,223.0,18.5,14.0
2024-04-08 14:50:41,95.0,223.0,18.4,14.0
2024-04-08 14:50:46,95.0,223.0,18.4,15.0
2024-04-08 14:50:52,95.0,223.0,18.4,15.0
2024-04-08 14:50:57,95.0,223.0,18.4,15.0
2024-04-08 14:51:02,95.0,223.0,18.4,15.0
2024-04-08 14:51:08,95.0,223.0,18.4,15.0
2024-04-08 14:51:13,95.0,223.0,18.4,15.0
2024-04-08 14:51:19,95.0,223.0,18.4,15.0
2024-04-08 14:51:24,95.0,223.0,18.4,15.0
2024-04-08 14:51:30,95.0,223.0,18.4,15.0
2024-04-08 14:51:35,95.0,223.0,18.4,15.0
2024-04-08 14:51:41,95.0,223.0,18.4,15.0
2024-04-08 14:51:46,95.0,223.0,18.5,15.0
2024-04-08 14:51:51,95.0,223.0,18.5,15.0
2024-04-08 14:51:57,95.0,223.0,18.5,15.0
2024-04-08 14:52:02,95.0,223.0,18.5,15.0
2024-04-08 14:52:08,95.0,223.0,18.4,15.0
2024-04-08 14:52:13,95.0,223.0,18.4,16.0
2024-04-08 14:52:19,95.0,223.0,18.4,15.0
2024-04-08 14:52:24,95.0,223.0,18.3,15.0
2024-04-08 14:52:29,95.0,223.0,18.3,15.0
2024-04-08 14:52:35,95.0,223.0,18.2,15.0
2024-04-08 14:52:40,95.0,223.0,18.1,15.0
2024-04-08 14:52:46,95.0,223.0,18.1,15.0
2024-04-08 14:52:51,95.0,223.0,18.1,15.0
2024-04-08 14:52:57,95.0,223.0,18.1,15.0
2024-04-08 14:53:02,95.0,223.0,18.1,15.0
2024-04-08 14:53:08,95.0,223.0,18.1,15.0
2024-04-08 14:53:13,95.0,223.0,18.1,15.0
2024-04-08 14:53:18,95.0,223.0,18.1,15.0
2024-04-08 14:53:24,95.0,223.0,18.2,15.0
2024-04-08 14:53:29,95.0,223.0,18.2,15.0
2024-04-08 14:53:35,95.0,223.0,18.2,16.0
2024-04-08 14:53:40,95.0,116.0,18.2,16.0
2024-04-08 14:53:45,95.0,152.0,18.2,16.0
2024-04-08 14:53:51,95.0,102.0,18.2,16.0
2024-04-08 14:53:56,95.0,102.0,18.3,16.0
2024-04-08 14:59:35,94.0,0.0,17.9,17.0
2024-04-08 14:59:40,94.0,0.0,17.9,17.0
2024-04-08 14:59:45,94.0,0.0,17.8,17.0
2024-04-08 14:59:51,94.0,0.0,17.8,16.0
2024-04-08 14:59:56,94.0,0.0,17.8,17.0
2024-04-08 15:00:02,94.0,0.0,17.7,17.0
2024-04-08 15:00:07,94.0,0.0,17.7,17.0
2024-04-08 15:00:13,94.0,0.0,17.7,17.0
2024-04-08 15:00:18,94.0,0.0,17.7,17.0
2024-04-08 15:00:23,94.0,0.0,17.7,17.0
2024-04-08 15:00:29,94.0,0.0,17.7,17.0
2024-04-08 15:00:34,94.0,80.0,17.7,17.0
2024-04-08 15:00:40,94.0,80.0,17.6,17.0
2024-04-08 15:00:45,94.0,80.0,17.6,17.0
2024-04-08 15:00:51,94.0,80.0,17.6,17.0
2024-04-08 15:00:56,94.0,80.0,17.6,17.0
2024-04-08 15:01:01,94.0,80.0,17.6,17.0
2024-04-08 15:01:07,94.0,80.0,17.6,17.0
2024-04-08 15:01:12,94.0,80.0,17.6,17.0
2024-04-08 15:01:18,94.0,80.0,17.6,17.0
2024-04-08 15:01:23,94.0,80.0,17.6,17.0
2024-04-08 15:01:29,94.0,80.0,17.6,17.0
2024-04-08 15:01:34,94.0,80.0,17.6,17.0
2024-04-08 15:01:39,94.0,80.0,17.6,17.0
2024-04-08 15:01:45,94.0,80.0,17.6,17.0
2024-04-08 15:01:50,94.0,80.0,17.6,17.0
2024-04-08 15:01:56,94.0,80.0,17.6,17.0
2024-04-08 15:02:01,94.0,80.0,17.6,17.0
2024-04-08 15:02:07,94.0,80.0,17.6,17.0
2024-04-08 15:02:12,94.0,80.0,17.6,17.0
2024-04-08 15:02:18,94.0,80.0,17.6,17.0
2024-04-08 15:02:23,94.0,80.0,17.6,17.0
2024-04-08 15:02:28,94.0,80.0,17.6,17.0
2024-04-08 15:02:34,94.0,80.0,17.5,17.0
2024-04-08 15:02:39,94.0,80.0,17.5,17.0
2024-04-08 15:02:45,94.0,80.0,17.5,17.0
2024-04-08 15:02:50,94.0,80.0,17.4,17.0
2024-04-08 15:02:56,94.0,80.0,17.3,17.0
2024-04-08 15:03:01,94.0,80.0,17.3,17.0
2024-04-08 15:03:07,93.0,80.0,17.3,17.0
2024-04-08 15:03:12,92.0,189.0,17.3,18.0
2024-04-08 15:03:17,94.0,189.0,17.2,18.0
2024-04-08 15:03:23,93.0,189.0,17.2,18.0
2024-04-08 15:03:28,94.0,189.0,17.2,18.0
2024-04-08 15:03:34,93.0,189.0,17.1,18.0
2024-04-08 15:03:39,93.0,189.0,17.1,18.0
2024-04-08 15:03:45,93.0,189.0,17.1,18.0
2024-04-08 15:03:50,93.0,189.0,17.1,18.0
2024-04-08 15:03:55,93.0,189.0,17.1,19.0
2024-04-08 15:04:01,93.0,189.0,17.1,19.0
2024-04-08 15:04:06,93.0,189.0,17.1,19.0
2024-04-08 15:04:12,93.0,189.0,17.1,19.0
2024-04-08 15:04:17,93.0,189.0,17.0,19.0
2024-04-08 15:04:23,93.0,189.0,17.0,19.0
2024-04-08 15:04:28,93.0,165.0,17.0,19.0
2024-04-08 15:04:33,93.0,165.0,17.0,19.0
2024-04-08 15:04:39,93.0,165.0,17.0,20.0
2024-04-08 15:04:44,93.0,165.0,17.0,20.0
2024-04-08 15:04:50,93.0,165.0,17.0,20.0
2024-04-08 15:04:55,93.0,165.0,17.1,19.0
2024-04-08 15:05:01,93.0,165.0,17.1,19.0
2024-04-08 15:05:06,93.0,165.0,17.1,19.0
2024-04-08 15:05:11,93.0,165.0,17.1,19.0
2024-04-08 15:05:17,93.0,165.0,17.2,19.0
2024-04-08 15:05:22,93.0,165.0,17.2,19.0
2024-04-08 15:05:28,92.0,62.0,17.2,19.0
2024-04-08 15:05:33,93.0,76.0,17.2,19.0
2024-04-08 15:05:38,93.0,76.0,17.2,19.0
2024-04-08 15:05:44,93.0,76.0,17.2,19.0
2024-04-08 15:05:49,93.0,76.0,17.2,20.0
2024-04-08 15:05:55,93.0,76.0,17.2,20.0
2024-04-08 15:06:00,93.0,76.0,17.2,20.0
2024-04-08 15:06:06,93.0,76.0,17.2,20.0
2024-04-08 15:06:11,93.0,76.0,17.2,19.0
2024-04-08 15:06:16,93.0,76.0,17.2,19.0
2024-04-08 15:06:22,93.0,76.0,17.2,19.0
2024-04-08 15:06:27,93.0,76.0,17.2,19.0
2024-04-08 15:06:33,93.0,76.0,17.2,19.0
2024-04-08 15:06:38,93.0,76.0,17.2,19.0
2024-04-08 15:06:44,93.0,76.0,17.2,19.0
2024-04-08 15:06:49,93.0,76.0,17.3,19.0
2024-04-08 15:06:55,93.0,76.0,17.3,19.0
2024-04-08 15:07:00,93.0,76.0,17.3,19.0
2024-04-08 15:07:05,93.0,76.0,17.3,19.0
2024-04-08 15:07:11,93.0,76.0,17.3,19.0
2024-04-08 15:07:16,92.0,76.0,17.3,19.0
2024-04-08 15:07:22,92.0,76.0,17.3,19.0
2024-04-08 15:07:27,92.0,76.0,17.3,19.0
2024-04-08 15:07:33,92.0,76.0,17.3,19.0
2024-04-08 15:07:38,92.0,76.0,17.2,19.0
2024-04-08 15:07:43,92.0,203.0,17.2,19.0
2024-04-08 15:07:49,92.0,203.0,17.2,19.0
2024-04-08 15:07:54,92.0,66.0,17.2,19.0
2024-04-08 15:08:00,92.0,71.0,17.2,18.0
2024-04-08 15:08:05,92.0,69.0,17.2,18.0
2024-04-08 15:08:11,92.0,69.0,17.2,18.0
2024-04-08 15:08:16,92.0,134.0,17.2,18.0
2024-04-08 15:08:21,92.0,98.0,17.2,18.0
2024-04-08 15:08:27,92.0,98.0,17.2,18.0
2024-04-08 15:08:32,92.0,98.0,17.2,18.0
2024-04-08 15:08:38,92.0,98.0,17.2,18.0
2024-04-08 15:08:43,92.0,136.0,17.2,18.0
2024-04-08 15:08:48,92.0,136.0,17.2,18.0
2024-04-08 15:08:54,92.0,136.0,17.2,18.0
2024-04-08 15:08:59,92.0,136.0,17.2,18.0
2024-04-08 15:09:05,92.0,136.0,17.2,18.0
2024-04-08 15:09:10,92.0,136.0,17.2,18.0
2024-04-08 15:09:16,92.0,195.0,17.2,18.0
2024-04-08 15:09:21,92.0,195.0,17.1,18.0
2024-04-08 15:09:27,92.0,195.0,17.1,18.0
2024-04-08 15:09:32,92.0,195.0,17.1,18.0
2024-04-08 15:09:37,92.0,195.0,17.1,18.0
2024-04-08 15:09:43,92.0,195.0,17.0,18.0
2024-04-08 15:09:48,92.0,195.0,17.0,18.0
2024-04-08 15:09:54,92.0,195.0,16.9,18.0
2024-04-08 15:09:59,92.0,195.0,16.9,18.0
2024-04-08 15:10:05,92.0,195.0,16.9,18.0
2024-04-08 15:10:10,92.0,195.0,16.9,18.0
2024-04-08 15:10:15,92.0,195.0,16.8,18.0
2024-04-08 15:10:21,92.0,195.0,16.8,18.0
2024-04-08 15:10:26,92.0,195.0,16.8,18.0
2024-04-08 15:10:32,92.0,112.0,16.8,18.0
2024-04-08 15:10:37,92.0,80.0,16.8,18.0
2024-04-08 15:10:43,92.0,80.0,16.8,18.0
2024-04-08 15:10:48,92.0,80.0,16.8,19.0
2024-04-08 15:10:54,92.0,80.0,16.8,19.0
2024-04-08 15:10:59,92.0,80.0,16.8,19.0
2024-04-08 15:11:04,91.0,80.0,16.8,19.0
2024-04-08 15:11:10,91.0,80.0,16.8,19.0
2024-04-08 15:11:15,92.0,148.0,16.7,19.0
2024-04-08 15:11:21,91.0,148.0,16.7,19.0
2024-04-08 15:11:26,91.0,103.0,16.7,19.0
2024-04-08 15:11:31,91.0,117.0,16.7,19.0
2024-04-08 15:11:37,91.0,173.0,16.7,19.0
2024-04-08 15:11:42,91.0,173.0,16.7,19.0
2024-04-08 15:11:48,91.0,167.0,16.7,19.0
2024-04-08 15:11:53,91.0,167.0,16.7,19.0
2024-04-08 15:11:59,91.0,167.0,16.7,20.0
2024-04-08 15:12:04,91.0,167.0,16.6,20.0
2024-04-08 15:12:09,91.0,167.0,16.6,20.0
2024-04-08 15:12:15,91.0,167.0,16.6,20.0
2024-04-08 15:12:20,91.0,167.0,16.6,20.0
2024-04-08 15:12:26,91.0,167.0,16.6,19.0
2024-04-08 15:12:31,91.0,167.0,16.6,19.0
2024-04-08 15:12:37,91.0,167.0,16.6,19.0
2024-04-08 15:12:42,91.0,74.0,16.6,19.0
2024-04-08 15:12:47,91.0,91.0,16.6,19.0
2024-04-08 15:12:53,91.0,91.0,16.6,19.0
2024-04-08 15:12:58,91.0,91.0,16.6,19.0
2024-04-08 15:13:04,91.0,91.0,16.6,19.0
2024-04-08 15:13:09,91.0,91.0,16.6,19.0
2024-04-08 15:13:15,91.0,91.0,16.5,19.0
2024-04-08 15:13:20,91.0,91.0,16.5,19.0
2024-04-08 15:13:25,91.0,91.0,16.5,19.0
2024-04-08 15:13:31,90.0,91.0,16.5,19.0
2024-04-08 15:13:36,90.0,142.0,16.5,19.0
2024-04-08 15:13:42,90.0,142.0,16.5,19.0
2024-04-08 15:13:47,90.0,142.0,16.6,19.0
2024-04-08 15:13:53,90.0,142.0,16.6,19.0
2024-04-08 15:13:58,90.0,142.0,16.5,19.0
2024-04-08 15:14:03,90.0,142.0,16.5,19.0
2024-04-08 15:14:09,90.0,142.0,16.5,19.0
2024-04-08 15:14:14,90.0,142.0,16.5,19.0
2024-04-08 15:14:20,90.0,60.0,16.5,20.0
2024-04-08 15:14:25,90.0,69.0,16.5,20.0
2024-04-08 15:14:30,90.0,99.0,16.5,20.0
2024-04-08 15:14:36,90.0,99.0,16.5,20.0
2024-04-08 15:14:41,90.0,155.0,16.5,20.0
2024-04-08 15:14:46,90.0,114.0,16.5,19.0
2024-04-08 15:14:52,90.0,114.0,16.5,19.0
2024-04-08 15:14:57,90.0,114.0,16.5,19.0
2024-04-08 15:15:03,90.0,114.0,16.5,19.0
2024-04-08 15:15:08,90.0,114.0,16.5,19.0
2024-04-08 15:15:14,90.0,114.0,16.5,19.0
2024-04-08 15:15:19,90.0,114.0,16.4,20.0
2024-04-08 15:15:25,90.0,114.0,16.4,20.0
2024-04-08 15:15:30,89.0,197.0,16.4,20.0
2024-04-08 15:15:35,89.0,195.0,16.4,20.0
2024-04-08 15:15:41,89.0,195.0,16.3,19.0
2024-04-08 15:15:46,89.0,166.0,16.3,20.0
2024-04-08 15:15:52,89.0,198.0,16.3,20.0
2024-04-08 15:15:57,89.0,198.0,16.2,20.0
2024-04-08 15:16:03,89.0,198.0,16.2,20.0
2024-04-08 15:16:08,89.0,86.0,16.2,20.0
2024-04-08 15:16:13,89.0,86.0,16.2,20.0
2024-04-08 15:16:19,89.0,86.0,16.2,20.0
2024-04-08 15:16:24,89.0,86.0,16.1,20.0
2024-04-08 15:16:30,89.0,86.0,16.1,20.0
2024-04-08 15:16:35,89.0,128.0,16.1,20.0
2024-04-08 15:16:40,89.0,128.0,16.1,20.0
2024-04-08 15:16:46,89.0,106.0,16.2,20.0
2024-04-08 15:16:51,89.0,118.0,16.2,20.0
2024-04-08 15:16:57,89.0,118.0,16.2,20.0
2024-04-08 15:17:02,88.0,118.0,16.3,20.0
2024-04-08 15:17:08,88.0,118.0,16.3,20.0
2024-04-08 15:17:13,88.0,118.0,16.3,20.0
2024-04-08 15:17:18,88.0,118.0,16.3,20.0
2024-04-08 15:17:24,88.0,118.0,16.3,20.0
2024-04-08 15:17:29,88.0,118.0,16.3,20.0
2024-04-08 15:17:35,88.0,118.0,16.3,20.0
2024-04-08 15:17:40,88.0,118.0,16.2,20.0
2024-04-08 15:17:46,88.0,118.0,16.2,20.0
2024-04-08 15:17:51,88.0,118.0,16.2,20.0
2024-04-08 15:17:57,88.0,118.0,16.2,20.0
2024-04-08 15:18:02,88.0,118.0,16.2,20.0
2024-04-08 15:18:07,88.0,118.0,16.2,20.0
2024-04-08 15:18:13,87.0,118.0,16.2,20.0
2024-04-08 15:18:18,87.0,118.0,16.2,20.0
2024-04-08 15:18:24,87.0,118.0,16.2,20.0
2024-04-08 15:18:29,87.0,118.0,16.2,20.0
2024-04-08 15:18:35,87.0,118.0,16.2,20.0
2024-04-08 15:18:40,87.0,118.0,16.2,20.0
2024-04-08 15:18:45,87.0,118.0,16.2,20.0
2024-04-08 15:18:51,87.0,118.0,16.2,20.0
2024-04-08 15:18:56,87.0,129.0,16.2,21.0
2024-04-08 15:19:02,87.0,129.0,16.2,20.0
2024-04-08 15:19:07,87.0,129.0,16.2,20.0
2024-04-08 15:19:13,86.0,129.0,16.3,20.0
2024-04-08 15:19:18,86.0,129.0,16.3,21.0
2024-04-08 15:19:24,86.0,129.0,16.3,21.0
2024-04-08 15:19:29,86.0,129.0,16.3,21.0
2024-04-08 15:19:34,86.0,129.0,16.3,21.0
2024-04-08 15:19:40,86.0,129.0,16.3,21.0
2024-04-08 15:19:45,86.0,129.0,16.3,20.0
2024-04-08 15:19:51,86.0,129.0,16.3,20.0
2024-04-08 15:19:56,86.0,129.0,16.3,20.0
2024-04-08 15:20:02,86.0,129.0,16.3,20.0
2024-04-08 15:20:07,85.0,129.0,16.3,20.0
2024-04-08 15:20:12,85.0,129.0,16.3,20.0
2024-04-08 15:20:18,85.0,129.0,16.2,20.0
2024-04-08 15:20:23,85.0,129.0,16.2,20.0
2024-04-08 15:20:29,85.0,129.0,16.3,20.0
2024-04-08 15:20:34,85.0,129.0,16.3,20.0
2024-04-08 15:20:40,85.0,129.0,16.2,20.0
2024-04-08 15:20:45,85.0,129.0,16.2,20.0
2024-04-08 15:20:51,84.0,129.0,16.2,20.0
2024-04-08 15:20:56,84.0,129.0,16.2,20.0
2024-04-08 15:21:01,84.0,129.0,16.2,20.0
2024-04-08 15:21:07,84.0,129.0,16.2,20.0
2024-04-08 15:21:12,84.0,129.0,16.2,20.0
2024-04-08 15:21:18,84.0,129.0,16.2,20.0
2024-04-08 15:21:23,84.0,129.0,16.2,20.0
2024-04-08 15:21:29,83.0,129.0,16.2,20.0
2024-04-08 15:21:34,83.0,129.0,16.1,20.0
2024-04-08 15:21:39,83.0,129.0,16.1,20.0
2024-04-08 15:21:45,83.0,129.0,16.1,20.0
2024-04-08 15:21:50,83.0,129.0,16.1,20.0
2024-04-08 15:21:56,83.0,129.0,16.0,20.0
2024-04-08 15:22:01,82.0,129.0,16.0,20.0
2024-04-08 15:22:07,82.0,129.0,16.0,21.0
2024-04-08 15:22:12,82.0,129.0,16.0,21.0
2024-04-08 15:22:18,82.0,129.0,16.0,21.0
2024-04-08 15:22:23,82.0,129.0,16.0,21.0
2024-04-08 15:22:28,81.0,129.0,16.0,21.0
2024-04-08 15:22:34,81.0,129.0,16.0,21.0
2024-04-08 15:22:39,81.0,129.0,15.9,21.0
2024-04-08 15:22:45,81.0,129.0,15.9,21.0
2024-04-08 15:22:50,81.0,129.0,15.9,21.0
2024-04-08 15:22:56,80.0,129.0,15.9,21.0
2024-04-08 15:23:01,80.0,129.0,15.9,21.0
2024-04-08 15:23:06,80.0,129.0,15.9,21.0
2024-04-08 15:23:12,80.0,129.0,15.9,21.0
2024-04-08 15:23:17,79.0,129.0,15.9,21.0
2024-04-08 15:23:23,79.0,129.0,15.9,21.0
2024-04-08 15:23:28,79.0,129.0,15.9,21.0
2024-04-08 15:23:34,79.0,129.0,15.9,21.0
2024-04-08 15:23:39,78.0,129.0,15.9,21.0
2024-04-08 15:23:45,78.0,129.0,15.8,21.0
2024-04-08 15:23:50,78.0,129.0,15.8,21.0
2024-04-08 15:23:55,78.0,129.0,15.8,21.0
2024-04-08 15:24:01,77.0,129.0,15.8,21.0
2024-04-08 15:24:06,77.0,129.0,15.8,21.0
2024-04-08 15:24:12,77.0,129.0,15.8,21.0
2024-04-08 15:24:17,76.0,129.0,15.8,21.0
2024-04-08 15:24:23,76.0,129.0,15.8,21.0
2024-04-08 15:24:28,76.0,129.0,15.8,21.0
2024-04-08 15:24:33,75.0,129.0,15.8,21.0
2024-04-08 15:24:39,75.0,129.0,15.8,21.0
2024-04-08 15:24:44,75.0,129.0,15.8,21.0
2024-04-08 15:24:50,74.0,129.0,15.8,21.0
2024-04-08 15:24:55,74.0,129.0,15.9,21.0
2024-04-08 15:25:01,73.0,129.0,15.9,21.0
2024-04-08 15:25:06,73.0,129.0,15.9,21.0
2024-04-08 15:25:12,73.0,129.0,15.9,21.0
2024-04-08 15:25:17,72.0,129.0,15.9,21.0
2024-04-08 15:25:22,72.0,129.0,15.9,21.0
2024-04-08 15:25:28,71.0,129.0,15.8,21.0
2024-04-08 15:25:33,71.0,129.0,15.8,21.0
2024-04-08 15:25:39,70.0,129.0,15.8,21.0
2024-04-08 15:25:44,70.0,129.0,15.8,21.0
2024-04-08 15:25:50,70.0,129.0,15.8,21.0
2024-04-08 15:25:55,69.0,129.0,15.8,21.0
2024-04-08 15:26:00,68.0,135.0,15.8,21.0
2024-04-08 15:26:06,68.0,135.0,15.8,21.0
2024-04-08 15:26:11,68.0,135.0,15.7,21.0
2024-04-08 15:26:17,67.0,135.0,15.7,21.0
2024-04-08 15:26:22,67.0,135.0,15.7,21.0
2024-04-08 15:26:28,66.0,135.0,15.7,21.0
2024-04-08 15:26:33,66.0,135.0,15.7,21.0
2024-04-08 15:26:38,65.0,135.0,15.7,21.0
2024-04-08 15:26:44,65.0,135.0,15.7,21.0
2024-04-08 15:26:49,64.0,135.0,15.7,21.0
2024-04-08 15:26:55,63.0,135.0,15.6,21.0
2024-04-08 15:27:00,63.0,135.0,15.6,21.0
2024-04-08 15:27:06,62.0,135.0,15.6,21.0
2024-04-08 15:27:11,62.0,135.0,15.6,21.0
2024-04-08 15:27:17,61.0,135.0,15.6,21.0
2024-04-08 15:27:22,61.0,135.0,15.6,21.0
2024-04-08 15:27:27,60.0,135.0,15.6,21.0
2024-04-08 15:27:33,60.0,135.0,15.6,21.0
2024-04-08 15:27:38,60.0,135.0,15.6,21.0
2024-04-08 15:27:44,59.0,135.0,15.5,21.0
2024-04-08 15:27:49,59.0,135.0,15.5,21.0
2024-04-08 15:27:55,58.0,135.0,15.4,21.0
2024-04-08 15:28:00,58.0,135.0,15.4,21.0
2024-04-08 15:28:05,58.0,135.0,15.4,21.0
2024-04-08 15:28:11,57.0,135.0,15.4,22.0
2024-04-08 15:28:16,57.0,135.0,15.4,22.0
2024-04-08 15:28:22,57.0,135.0,15.4,22.0
2024-04-08 15:28:27,57.0,135.0,15.4,22.0
2024-04-08 15:28:33,57.0,135.0,15.4,22.0
2024-04-08 15:28:38,57.0,135.0,15.4,22.0
2024-04-08 15:28:44,57.0,135.0,15.4,22.0
2024-04-08 15:28:49,57.0,135.0,15.4,22.0
2024-04-08 15:28:54,57.0,135.0,15.4,22.0
2024-04-08 15:29:00,57.0,135.0,15.4,22.0
2024-04-08 15:29:05,57.0,135.0,15.5,22.0
2024-04-08 15:29:11,57.0,135.0,15.5,22.0
2024-04-08 15:29:16,57.0,135.0,15.5,22.0
2024-04-08 15:29:22,58.0,135.0,15.5,22.0
2024-04-08 15:29:27,58.0,135.0,15.5,22.0
2024-04-08 15:29:32,58.0,135.0,15.5,21.0
2024-04-08 15:29:38,59.0,135.0,15.5,21.0
2024-04-08 15:29:43,59.0,135.0,15.5,21.0
2024-04-08 15:29:49,59.0,135.0,15.5,22.0
2024-04-08 15:29:54,60.0,135.0,15.5,22.0
2024-04-08 15:30:00,60.0,135.0,15.4,22.0
2024-04-08 15:30:05,61.0,135.0,15.4,22.0
2024-04-08 15:30:11,61.0,135.0,15.4,22.0
2024-04-08 15:30:16,62.0,135.0,15.4,22.0
2024-04-08 15:30:21,62.0,135.0,15.4,22.0
2024-04-08 15:30:27,63.0,135.0,15.5,22.0
2024-04-08 15:30:32,63.0,135.0,15.5,22.0
2024-04-08 15:30:38,64.0,135.0,15.5,22.0
2024-04-08 15:30:43,64.0,135.0,15.5,21.0
2024-04-08 15:30:49,65.0,135.0,15.5,21.0
2024-04-08 15:30:54,65.0,135.0,15.5,21.0
2024-04-08 15:30:59,66.0,135.0,15.5,21.0
2024-04-08 15:31:05,66.0,135.0,15.5,21.0
2024-04-08 15:31:10,67.0,135.0,15.5,21.0
2024-04-08 15:31:16,67.0,135.0,15.5,21.0
2024-04-08 15:31:21,68.0,135.0,15.5,21.0
2024-04-08 15:31:27,68.0,135.0,15.5,21.0
2024-04-08 15:31:32,69.0,135.0,15.5,21.0
2024-04-08 15:31:38,69.0,135.0,15.5,21.0
2024-04-08 15:31:43,70.0,135.0,15.4,22.0
2024-04-08 15:31:48,70.0,135.0,15.4,22.0
2024-04-08 15:31:54,71.0,135.0,15.4,22.0
2024-04-08 15:31:59,71.0,135.0,15.4,22.0
2024-04-08 15:32:05,71.0,135.0,15.4,22.0
2024-04-08 15:32:10,72.0,135.0,15.4,22.0
2024-04-08 15:32:16,72.0,135.0,15.4,22.0
2024-04-08 15:32:21,73.0,135.0,15.4,22.0
2024-04-08 15:32:26,73.0,135.0,15.4,22.0
2024-04-08 15:32:32,73.0,135.0,15.4,22.0
2024-04-08 15:32:37,74.0,135.0,15.4,22.0
2024-04-08 15:32:43,74.0,135.0,15.4,22.0
2024-04-08 15:32:48,75.0,135.0,15.4,22.0
2024-04-08 15:32:54,75.0,135.0,15.4,22.0
2024-04-08 15:32:59,75.0,135.0,15.4,22.0
2024-04-08 15:33:05,76.0,135.0,15.4,22.0
2024-04-08 15:33:10,75.0,130.0,15.4,22.0
2024-04-08 15:33:15,76.0,130.0,15.4,22.0
2024-04-08 15:33:21,76.0,80.0,15.4,22.0
2024-04-08 15:33:26,77.0,80.0,15.4,22.0
2024-04-08 15:33:32,77.0,80.0,15.4,22.0
2024-04-08 15:33:37,77.0,80.0,15.4,22.0
2024-04-08 15:33:42,76.0,46.0,15.4,22.0
2024-04-08 15:33:48,77.0,46.0,15.4,22.0
2024-04-08 15:33:53,78.0,46.0,15.4,22.0
2024-04-08 15:33:59,78.0,46.0,15.4,22.0
2024-04-08 15:34:04,78.0,46.0,15.4,22.0
2024-04-08 15:34:10,79.0,46.0,15.4,22.0
2024-04-08 15:34:15,79.0,46.0,15.4,22.0
2024-04-08 15:34:20,79.0,46.0,15.4,22.0
2024-04-08 15:34:26,80.0,46.0,15.4,22.0
2024-04-08 15:34:31,80.0,46.0,15.4,22.0
2024-04-08 15:34:37,80.0,46.0,15.4,22.0
2024-04-08 15:34:42,80.0,46.0,15.4,22.0
2024-04-08 15:34:48,81.0,46.0,15.4,22.0
2024-04-08 15:34:53,81.0,46.0,15.4,22.0
2024-04-08 15:34:59,81.0,46.0,15.4,22.0
2024-04-08 15:35:04,81.0,46.0,15.4,22.0
2024-04-08 15:35:09,81.0,46.0,15.4,22.0
2024-04-08 15:35:15,81.0,46.0,15.4,22.0
2024-04-08 15:35:20,82.0,46.0,15.4,22.0
2024-04-08 15:35:26,82.0,46.0,15.4,22.0
2024-04-08 15:35:31,82.0,46.0,15.4,22.0
2024-04-08 15:35:37,82.0,46.0,15.4,22.0
2024-04-08 15:35:42,82.0,46.0,15.4,22.0
2024-04-08 15:35:47,83.0,46.0,15.4,22.0
2024-04-08 15:35:53,83.0,46.0,15.4,22.0
2024-04-08 15:35:58,83.0,46.0,15.3,22.0
2024-04-08 15:36:04,83.0,46.0,15.3,22.0
2024-04-08 15:36:09,83.0,46.0,15.3,22.0
2024-04-08 15:36:15,83.0,46.0,15.3,22.0
2024-04-08 15:36:20,84.0,46.0,15.3,23.0
2024-04-08 15:36:26,84.0,212.0,15.3,23.0
2024-04-08 15:36:31,84.0,212.0,15.3,23.0
2024-04-08 15:36:36,84.0,76.0,15.2,23.0
2024-04-08 15:36:42,84.0,76.0,15.2,23.0
2024-04-08 15:36:47,84.0,172.0,15.2,23.0
2024-04-08 15:36:53,84.0,172.0,15.2,23.0
2024-04-08 15:36:58,84.0,172.0,15.1,23.0
2024-04-08 15:37:04,85.0,172.0,15.1,23.0
2024-04-08 15:37:09,85.0,172.0,15.1,23.0
2024-04-08 15:37:14,85.0,172.0,15.1,23.0
2024-04-08 15:37:20,85.0,172.0,15.0,23.0
2024-04-08 15:37:25,85.0,172.0,15.0,23.0
2024-04-08 15:37:31,85.0,172.0,15.0,23.0
2024-04-08 15:37:36,85.0,176.0,15.0,23.0
2024-04-08 15:37:42,85.0,176.0,15.0,23.0
2024-04-08 15:37:47,86.0,176.0,15.0,23.0
2024-04-08 15:37:52,86.0,176.0,15.0,23.0
2024-04-08 15:37:58,86.0,176.0,15.0,23.0
2024-04-08 15:38:03,86.0,176.0,15.0,23.0
2024-04-08 15:38:09,86.0,176.0,15.0,23.0
2024-04-08 15:38:14,86.0,176.0,15.0,23.0
2024-04-08 15:38:20,86.0,176.0,15.0,23.0
2024-04-08 15:38:25,86.0,185.0,15.0,23.0
2024-04-08 15:38:30,86.0,136.0,14.9,23.0
2024-04-08 15:38:36,86.0,136.0,14.9,23.0
2024-04-08 15:38:41,86.0,136.0,14.9,23.0
2024-04-08 15:38:47,87.0,136.0,15.0,23.0
2024-04-08 15:38:52,87.0,76.0,15.0,23.0
2024-04-08 15:38:58,87.0,76.0,15.0,23.0
2024-04-08 15:39:03,87.0,76.0,15.0,23.0
2024-04-08 15:39:08,87.0,76.0,15.0,23.0
2024-04-08 15:39:14,87.0,76.0,15.0,23.0
2024-04-08 15:39:19,87.0,76.0,15.0,23.0
2024-04-08 15:39:25,87.0,76.0,15.0,23.0
2024-04-08 15:39:30,87.0,201.0,15.0,23.0
2024-04-08 15:39:36,87.0,201.0,15.0,23.0
2024-04-08 15:39:41,87.0,201.0,15.0,23.0
2024-04-08 15:39:46,87.0,100.0,15.0,23.0
2024-04-08 15:39:52,88.0,100.0,15.0,23.0
2024-04-08 15:39:57,87.0,80.0,15.0,23.0
2024-04-08 15:40:03,87.0,80.0,15.0,23.0
2024-04-08 15:40:08,88.0,80.0,15.0,23.0
2024-04-08 15:40:14,88.0,80.0,15.0,23.0
2024-04-08 15:40:19,88.0,80.0,14.9,23.0
2024-04-08 15:40:24,88.0,80.0,14.9,23.0
2024-04-08 15:40:30,88.0,80.0,14.9,23.0
2024-04-08 15:40:35,88.0,80.0,14.9,23.0
2024-04-08 15:40:41,88.0,80.0,14.9,24.0
2024-04-08 15:40:46,88.0,80.0,14.8,24.0
2024-04-08 15:40:52,88.0,80.0,14.8,24.0
2024-04-08 15:40:57,88.0,78.0,14.8,24.0
2024-04-08 15:41:02,88.0,78.0,14.8,24.0
2024-04-08 15:41:08,88.0,78.0,14.7,25.0
2024-04-08 15:41:13,88.0,78.0,14.7,24.0
2024-04-08 15:41:19,88.0,78.0,14.7,24.0
2024-04-08 15:41:24,89.0,78.0,14.6,24.0
2024-04-08 15:41:30,89.0,78.0,14.6,24.0
2024-04-08 15:41:35,89.0,78.0,14.6,24.0
2024-04-08 15:41:41,89.0,78.0,14.6,24.0
2024-04-08 15:41:46,89.0,78.0,14.6,24.0
2024-04-08 15:41:51,89.0,78.0,14.6,24.0
2024-04-08 15:41:57,89.0,78.0,14.6,24.0
2024-04-08 15:42:02,89.0,78.0,14.6,24.0
2024-04-08 15:42:08,89.0,78.0,14.6,24.0
2024-04-08 15:42:13,89.0,78.0,14.6,24.0
2024-04-08 15:42:19,89.0,78.0,14.6,24.0
2024-04-08 15:42:24,89.0,78.0,14.7,24.0
2024-04-08 15:42:29,89.0,78.0,14.7,24.0
2024-04-08 15:42:35,89.0,78.0,14.7,24.0
2024-04-08 15:42:40,89.0,59.0,14.7,24.0
2024-04-08 15:42:46,89.0,109.0,14.7,24.0
2024-04-08 15:42:51,89.0,78.0,14.7,24.0
2024-04-08 15:42:56,87.0,78.0,14.7,24.0
2024-04-08 15:43:02,88.0,78.0,14.7,24.0
2024-04-08 15:43:07,89.0,128.0,14.7,24.0
2024-04-08 15:43:13,90.0,141.0,14.7,24.0
2024-04-08 15:43:18,90.0,141.0,14.7,24.0
2024-04-08 15:43:23,90.0,141.0,14.7,24.0
2024-04-08 15:43:29,90.0,141.0,14.7,24.0
2024-04-08 15:43:34,90.0,147.0,14.7,24.0
2024-04-08 15:43:40,90.0,117.0,14.7,24.0
2024-04-08 15:43:45,90.0,117.0,14.7,24.0
2024-04-08 15:43:51,90.0,117.0,14.7,24.0
2024-04-08 15:43:56,90.0,117.0,14.7,24.0
2024-04-08 15:44:01,90.0,117.0,14.7,24.0
2024-04-08 15:44:07,90.0,117.0,14.7,24.0
2024-04-08 15:44:12,90.0,117.0,14.7,24.0
2024-04-08 15:44:18,90.0,117.0,14.7,24.0
2024-04-08 15:44:23,90.0,117.0,14.7,24.0
2024-04-08 15:44:29,90.0,117.0,14.6,24.0
2024-04-08 15:44:34,90.0,117.0,14.6,24.0
2024-04-08 15:44:40,90.0,117.0,14.6,24.0
2024-04-08 15:44:45,90.0,117.0,14.6,24.0
2024-04-08 15:44:50,90.0,117.0,14.6,24.0
2024-04-08 15:44:56,90.0,117.0,14.6,24.0
2024-04-08 15:45:01,90.0,117.0,14.6,24.0
2024-04-08 15:45:07,90.0,117.0,14.6,24.0
2024-04-08 15:45:12,90.0,117.0,14.5,25.0
2024-04-08 15:45:18,90.0,117.0,14.5,25.0
2024-04-08 15:45:23,90.0,117.0,14.5,25.0
2024-04-08 15:45:28,91.0,117.0,14.5,26.0
2024-04-08 15:45:34,91.0,117.0,14.4,26.0
2024-04-08 15:45:39,91.0,117.0,14.4,27.0
2024-04-08 15:45:45,91.0,117.0,14.4,27.0
2024-04-08 15:45:50,91.0,117.0,14.4,27.0
2024-04-08 15:45:56,91.0,117.0,14.3,27.0
2024-04-08 15:46:01,91.0,117.0,14.3,27.0
2024-04-08 15:46:07,91.0,117.0,14.3,27.0
2024-04-08 15:46:12,91.0,117.0,14.2,27.0
2024-04-08 15:46:17,91.0,117.0,14.2,27.0
2024-04-08 15:46:23,91.0,117.0,14.2,27.0
2024-04-08 15:46:28,91.0,117.0,14.2,28.0
2024-04-08 15:46:34,91.0,117.0,14.1,28.0
2024-04-08 15:46:39,91.0,117.0,14.1,28.0
2024-04-08 15:46:45,91.0,117.0,14.1,28.0
2024-04-08 15:46:50,91.0,117.0,14.0,28.0
2024-04-08 15:46:55,91.0,117.0,14.0,28.0
2024-04-08 15:47:01,91.0,116.0,14.0,27.0
2024-04-08 15:47:06,91.0,116.0,13.9,27.0
2024-04-08 15:47:12,91.0,116.0,13.9,27.0
2024-04-08 15:47:17,91.0,116.0,13.9,27.0
2024-04-08 15:47:23,91.0,116.0,13.9,27.0
2024-04-08 15:47:28,91.0,116.0,13.9,27.0
2024-04-08 15:47:33,91.0,116.0,13.9,27.0
2024-04-08 15:47:39,91.0,116.0,13.8,27.0
2024-04-08 15:47:44,91.0,116.0,13.8,27.0
2024-04-08 15:47:50,91.0,147.0,13.8,27.0
2024-04-08 15:47:55,91.0,121.0,13.8,28.0
2024-04-08 15:48:01,91.0,121.0,13.8,28.0
2024-04-08 15:48:06,91.0,121.0,13.8,28.0
2024-04-08 15:48:12,91.0,121.0,13.8,28.0
2024-04-08 15:48:17,91.0,121.0,13.9,28.0
2024-04-08 15:48:22,92.0,121.0,13.9,28.0
2024-04-08 15:48:28,92.0,121.0,13.9,28.0
2024-04-08 15:48:33,92.0,121.0,13.9,28.0
2024-04-08 15:48:39,92.0,121.0,13.9,28.0
2024-04-08 15:48:44,92.0,121.0,13.9,28.0
2024-04-08 15:48:50,92.0,121.0,14.0,28.0
2024-04-08 15:48:55,91.0,120.0,14.0,28.0
2024-04-08 15:49:00,92.0,92.0,14.1,28.0
2024-04-08 15:49:06,92.0,92.0,14.1,28.0
2024-04-08 15:49:11,92.0,92.0,14.2,28.0
2024-04-08 15:49:17,92.0,92.0,14.2,28.0
2024-04-08 15:49:22,92.0,92.0,14.2,28.0
2024-04-08 15:49:28,92.0,92.0,14.2,28.0
2024-04-08 15:49:33,92.0,92.0,14.2,28.0
2024-04-08 15:49:38,92.0,92.0,14.2,28.0
2024-04-08 15:49:44,92.0,92.0,14.2,28.0
2024-04-08 15:49:49,92.0,92.0,14.2,29.0
2024-04-08 15:49:55,92.0,92.0,14.2,29.0
2024-04-08 15:50:00,92.0,92.0,14.2,29.0
2024-04-08 15:50:06,92.0,92.0,14.1,29.0
2024-04-08 15:50:11,92.0,92.0,14.1,29.0
2024-04-08 15:50:17,92.0,92.0,14.1,29.0
2024-04-08 15:50:22,92.0,92.0,14.0,29.0
2024-04-08 15:50:27,92.0,92.0,14.0,29.0
2024-04-08 15:50:33,92.0,92.0,14.0,29.0
2024-04-08 15:50:38,92.0,92.0,14.0,28.0
2024-04-08 15:50:44,92.0,92.0,14.0,28.0
2024-04-08 15:50:49,92.0,92.0,14.0,28.0
2024-04-08 15:50:55,92.0,92.0,14.0,28.0
2024-04-08 15:51:00,92.0,92.0,14.1,28.0
2024-04-08 15:51:05,92.0,92.0,14.1,28.0
2024-04-08 15:51:11,92.0,92.0,14.1,28.0
2024-04-08 15:51:16,92.0,92.0,14.1,28.0
2024-04-08 15:51:22,92.0,92.0,14.2,28.0
2024-04-08 15:51:27,92.0,92.0,14.2,28.0
2024-04-08 15:51:33,92.0,92.0,14.3,28.0
2024-04-08 15:51:38,92.0,92.0,14.3,28.0
2024-04-08 15:51:43,92.0,92.0,14.3,28.0
2024-04-08 15:51:49,92.0,92.0,14.4,27.0
2024-04-08 15:51:54,92.0,92.0,14.4,27.0
2024-04-08 15:52:00,92.0,92.0,14.4,27.0
2024-04-08 15:52:05,92.0,92.0,14.4,27.0
2024-04-08 15:52:11,92.0,92.0,14.4,27.0
2024-04-08 15:52:16,92.0,92.0,14.4,27.0
2024-04-08 15:52:22,92.0,92.0,14.4,28.0
2024-04-08 15:52:27,92.0,92.0,14.4,28.0
2024-04-08 15:52:32,92.0,92.0,14.4,28.0
2024-04-08 15:52:38,92.0,92.0,14.3,28.0
2024-04-08 15:52:43,92.0,92.0,14.3,28.0
2024-04-08 15:52:49,92.0,92.0,14.3,28.0
2024-04-08 15:52:54,93.0,92.0,14.3,28.0
2024-04-08 15:53:00,93.0,92.0,14.2,29.0
2024-04-08 15:53:05,93.0,92.0,14.2,29.0
2024-04-08 15:53:10,93.0,92.0,14.3,29.0
2024-04-08 15:53:16,93.0,95.0,14.3,28.0
2024-04-08 15:53:21,93.0,95.0,14.4,28.0
2024-04-08 15:53:27,93.0,95.0,14.4,28.0
2024-04-08 15:53:32,93.0,95.0,14.4,28.0
2024-04-08 15:53:38,93.0,95.0,14.5,27.0
2024-04-08 15:53:43,93.0,95.0,14.5,27.0
2024-04-08 15:53:49,93.0,95.0,14.5,27.0
2024-04-08 15:53:54,93.0,95.0,14.5,27.0
2024-04-08 15:53:59,93.0,95.0,14.5,27.0
2024-04-08 15:54:05,93.0,95.0,14.5,27.0
2024-04-08 15:54:10,93.0,95.0,14.5,27.0
2024-04-08 15:54:16,93.0,95.0,14.6,27.0
2024-04-08 15:54:21,93.0,95.0,14.5,27.0
2024-04-08 15:54:27,93.0,95.0,14.5,27.0
2024-04-08 15:54:32,93.0,95.0,14.5,27.0
2024-04-08 15:54:37,93.0,95.0,14.5,27.0
2024-04-08 15:54:43,93.0,95.0,14.5,27.0
2024-04-08 15:54:48,93.0,95.0,14.5,27.0
2024-04-08 15:54:54,93.0,95.0,14.5,27.0
2024-04-08 15:54:59,93.0,95.0,14.5,27.0
2024-04-08 15:55:05,93.0,95.0,14.5,27.0
2024-04-08 15:55:10,93.0,95.0,14.5,27.0
2024-04-08 15:55:16,93.0,95.0,14.5,27.0
2024-04-08 15:55:21,93.0,95.0,14.5,27.0
2024-04-08 15:55:26,93.0,95.0,14.5,27.0
2024-04-08 15:55:32,93.0,95.0,14.5,27.0
2024-04-08 15:55:37,93.0,95.0,14.5,27.0
2024-04-08 15:55:43,93.0,95.0,14.5,27.0
2024-04-08 15:55:48,93.0,95.0,14.5,27.0
2024-04-08 15:55:54,93.0,95.0,14.5,27.0
2024-04-08 15:55:59,93.0,95.0,14.4,28.0
2024-04-08 15:56:04,93.0,95.0,14.4,28.0
2024-04-08 15:56:10,93.0,95.0,14.4,28.0
2024-04-08 15:56:15,93.0,95.0,14.4,29.0
2024-04-08 15:56:21,93.0,95.0,14.4,29.0
2024-04-08 15:56:26,93.0,61.0,14.3,30.0
2024-04-08 15:56:31,93.0,76.0,14.3,30.0
2024-04-08 15:56:37,93.0,75.0,14.3,30.0
